{
    "x": [
        0.08333333333333333,
        0.041666666666666664,
        0.027777777777777776,
        0.020833333333333332,
        0.016666666666666666,
        0.013888888888888888,
        0.011904761904761904,
        0.010416666666666666,
        0.009259259259259259,
        0.008333333333333333,
        0.007575757575757576,
        0.006944444444444444,
        0.00641025641025641,
        0.005952380952380952,
        0.005555555555555556,
        0.005208333333333333,
        0.004901960784313725,
        0.004629629629629629,
        0.0043859649122807015,
        0.004166666666666667
    ],
    "y": [
        23634.29391860962,
        22631.061050891876,
        22554.176228046417,
        21261.531615257263,
        18545.69100379944,
        19050.884890556335,
        17725.5730509758,
        16388.850581645966,
        15066.576232910156,
        14662.793552875519,
        10341.120278835297,
        14150.09952545166,
        11242.088103294373,
        7913.169298171997,
        7305.760054588318,
        7956.605343818665,
        8484.549913406372,
        4582.545597553253,
        4923.788645267487,
        4755.187873840332
    ]
}