{
    "x": [
        0.04,
        0.02,
        0.013333333333333334,
        0.01,
        0.008,
        0.006666666666666667,
        0.005714285714285714,
        0.005,
        0.0044444444444444444,
        0.004,
        0.0036363636363636364,
        0.0033333333333333335,
        0.003076923076923077,
        0.002857142857142857,
        0.0026666666666666666,
        0.0025,
        0.002352941176470588,
        0.0022222222222222222,
        0.002105263157894737
    ],
    "y": [
        19063.777105808258,
        16868.214209079742,
        15146.848542690277,
        12892.332532405853,
        12561.585156917572,
        9883.533146381378,
        5726.207551956177,
        4239.631404876709,
        4676.000230312347,
        4324.563498497009,
        4328.128790855408,
        3948.239257335663,
        4213.182048797607,
        4186.358997821808,
        4487.187204360962,
        4105.398383140564,
        4088.212637901306,
        3709.979028701782,
        4140.952525138855
    ]
}