{
    "x": [
        0.08099895330827968,
        0.07451742184854482,
        0.07342715946246252,
        0.07089792115451449,
        0.09272046760976488
    ],
    "y": [
        19054.28954601288,
        18324.434139728546,
        18283.74350786209,
        22470.598945617676,
        21554.11269426346
    ]
}