{"x":[0.004,0.005333333333333333,0.008,0.016],"y":[0.01999200319872051,0.009948269001193792,0.009994003597841295,0.01]}