{"x":[0.004,0.004210526315789474,0.0044444444444444444,0.004705882352941176,0.005,0.005333333333333333,0.005714285714285714,0.006153846153846154,0.006666666666666667,0.007272727272727273,0.008,0.008888888888888889,0.01,0.011428571428571429,0.013333333333333334,0.016,0.02,0.02666666666666667,0.04,0.08],"y":[0.0037173911465102263,0.004177801350441647,0.004761506198327893,0.005117773768410741,0.0058489887075677,0.006822800413099244,0.00818676047329709,0.009739209830514923,0.012026260467192032,0.017040254272544225,0.025498642894494383,0.025516433679698986,0.025455539811569346,0.02262783400362399,0.02262783400362399,0.0226433452004511,0.02262783400362399,0.022647852435086477,0.022641342560859663,0.02039678113297745]}